"","mean1","mean2","mean3","mean4","var1","var2","var3","var4","init1","init2","init3","init4","transP11","transP21","transP31","transP41","transP12","transP22","transP32","transP42","transP13","transP23","transP33","transP43","transP14","transP24","transP34","transP44"
"truth",0,2,3,4,1,4,2,3,0.1,0.3,0.2,0.4,0.1,0.15,0.22,0.08,0.2,0.4,0.32,0.42,0.25,0.15,0.2,0.3,0.45,0.3,0.26,0.2
"bias",-0.273450534975542,-0.408246164528575,0.204348685749137,0.917787606125343,-0.17829186598921,-2.50046617215411,-0.879000414350169,-1.54009980090335,0.0985887972328915,-0.0782431928961757,0.0843159484555404,-0.104661552792256,0.0528915777113009,0.0615521273764325,0.0306388113949632,0.0829581415266798,0.0314826666547549,-0.121365576012404,-0.0552113278941339,-0.10804763795352,0.0526714689320885,0.101979604865483,0.0229534263204227,0.0536565386189149,-0.137045713298144,-0.042166156229511,0.00161909017874795,-0.0285670421920744
"variance",0.466411849900947,0.474983284671689,0.344783301699834,0.559672534724806,0.936847551419392,3.25475382695921,2.97365598070157,1.27969687999222,0.156656346066463,0.169857143523189,0.200222866922175,0.204801795752547,0.0359467085240194,0.063624265831735,0.0686264462088616,0.0491497390071968,0.0776243979816581,0.0738529199362275,0.0829731944007737,0.0859338798756482,0.104820146298974,0.080852176184824,0.064274190351614,0.0918121342387879,0.0937305964032264,0.0801212086557123,0.0772296553777041,0.0384454730203429
"MSE",0.541187044979357,0.641648215523981,0.386541687067234,1.40200662468209,0.968635540897307,9.50708490504624,3.74629770912934,3.65160427673476,0.166376097006292,0.175979140757778,0.207332046086133,0.215755836385433,0.03874422751681,0.0674129302162996,0.0695651829725577,0.0560317922527574,0.0786155562813525,0.0885825229770502,0.0860214851286073,0.0976081719429832,0.107594429938438,0.091252015993344,0.0648010501314611,0.094691158375351,0.112512123936624,0.0818991933868838,0.077232276830711,0.0392615489199466
