"","mean1","mean2","var1","var2","init1","init2","transP11","transP21","transP12","transP22"
"truth",0,4,1,4,0.2,0.8,0.8,0.25,0.2,0.75
"bias",0.0215447326349636,0.0896305513541584,-0.0191063081021228,-0.418863209541864,0.0710944975779721,-0.0710944975779721,-0.00847454131523051,0.0343867536861663,0.00847454131523043,-0.0343867536861663
"variance",0.0641836653194477,0.346459180658679,0.123899328229011,2.2800731790759,0.196759870827749,0.196759870827749,0.00871443323359884,0.0168239815155821,0.00871443323359884,0.0168239815155821
"MSE",0.0646478408237598,0.35449281639473,0.124264379238304,2.45551956738361,0.201814298413613,0.201814298413613,0.00878625108410239,0.0180064303446551,0.00878625108410239,0.0180064303446551
