"","mean1","mean2","mean3","mean4","var1","var2","var3","var4","init1","init2","init3","init4","transP11","transP21","transP31","transP41","transP12","transP22","transP32","transP42","transP13","transP23","transP33","transP43","transP14","transP24","transP34","transP44"
"truth",0,2,3,4,1,4,2,3,0.1,0.3,0.2,0.4,0.1,0.15,0.22,0.08,0.2,0.4,0.32,0.42,0.25,0.15,0.2,0.3,0.45,0.3,0.26,0.2
"bias",-0.800610291033779,-0.884618352695774,0.0587725036766953,0.827676761589792,-0.350257822085215,-3.10160782578428,-1.40896625137448,-1.91728520706035,0.1,-0.3,-0.199999999999998,0.399999999999998,0.0920243780227486,-0.102105974324074,-0.125692214595612,0.150968065086731,-0.0309908769136314,-0.0252565413470879,0.251646435775304,-0.304037935590202,0.0194259476013998,-0.0334800661115401,0.0431487789561275,0.0785339622547904,-0.080459448710517,0.160842581782702,-0.169103000135819,0.074535908248681
"variance",1.82288166510722,1.26357342252081,1.47517281861064,0.728260404213072,0.301396065696688,0.56474021893787,0.0475411785570587,0.588987532356967,0.2,3.97030152830786e-124,1.15329019646379e-29,0.199999999999999,0.072559942719208,0.0114681876601124,0.0235940019166279,0.0182167043051915,0.0606536394921994,0.0953297617613556,0.114525887187308,0.0319232885272159,0.0648455563894411,0.0210305530127692,0.100637139911525,0.0180571249926877,0.0948690080073742,0.190545843712783,0.00485063521295112,0.0826278367762469
"MSE",2.46385850321641,2.046123052447,1.47862702579907,1.41330922588884,0.424076607628566,10.1847113239042,2.03272707606932,4.26497009756942,0.21,0.09,0.0399999999999994,0.359999999999998,0.0810284288696817,0.0218938176527808,0.0393925347265773,0.0410080609812229,0.0616140739440752,0.0959676546421727,0.177851815825722,0.124362354805168,0.0652229238296534,0.0221514678396023,0.102498957036929,0.0242247082201246,0.101342730894175,0.216416179827308,0.0334464598678861,0.0881834383947027
