"","AIC_2","BIC_2","AIC_3","BIC_3","AIC_4","BIC_4","AIC_m","BIC_m"
"iRep=1",261.946717128901,276.607129064456,271.409801718299,300.730625589408,282.039479057198,330.209403988306,2,2
"iRep=2",268.62665128717,283.287063222725,271.838749068068,301.159572939177,278.000741308149,326.170666239257,2,2
"iRep=3",268.509182128381,283.169594063936,276.107211932072,305.428035803181,287.632419391869,335.802344322978,2,2
"iRep=4",270.957816493057,285.618228428612,277.883954767283,307.204778638393,279.297128171094,327.467053102202,2,2
"iRep=5",263.405292118333,278.065704053888,268.322811515406,297.643635386516,275.430181402099,323.600106333207,2,2
