"","lambda1","lambda2","init1","init2","transP11","transP21","transP12","transP22"
"truth",1,3,0.2,0.8,0.8,0.25,0.2,0.75
"bias",-0.0445575041297419,0.152769315306135,0.137078465313102,-0.137078465313102,-0.0301963317014985,0.035760737804047,0.0301963317014985,-0.0357607378040471
"variance",0.138668965312192,0.546470311848997,0.218429478920931,0.218429478920931,0.0324025955993078,0.0416874617612534,0.0324025955993078,0.0416874617612534
"MSE",0.140654336486464,0.569808775548102,0.237219984573526,0.237219984573526,0.0333144140475347,0.0429662921295432,0.0333144140475347,0.0429662921295432
