"","lambda1","lambda2","lambda3","init1","init2","init3","transP11","transP21","transP31","transP12","transP22","transP32","transP13","transP23","transP33"
"truth",1,3,5,0.1,0.3,0.6,0.1,0.25,0.4,0.2,0.5,0.15,0.7,0.25,0.45
"bias",-0.136110747633153,0.18439872996594,0.561351205170088,0.0871161158142993,0.0709028519385578,-0.158018967752857,-0.0123096521677763,0.0372182757649412,0.0154543760439039,0.136830267745561,-0.00922885376419902,0.121000329285779,-0.124520615577784,-0.0279894220007423,-0.136454705329683
"variance",0.266924581235282,0.641728047797422,1.05771970662265,0.149556658695577,0.227872226313467,0.24111130991278,0.0176999847119859,0.0898701824840497,0.0822149665423318,0.109879566481048,0.0950818025909788,0.0776414409861121,0.109610174725988,0.0702782085431271,0.0558869431252977
"MSE",0.285450716856537,0.675730939410474,1.37283488216856,0.157145876330147,0.232899440726488,0.266081304082459,0.0178515122484775,0.0912553825349649,0.0824538042812381,0.12860208865237,0.0951669743327798,0.092282520673379,0.125115558429858,0.0710616162870628,0.0745068297319082
