"","lambda1","lambda2","init1","init2","transP11","transP21","transP12","transP22"
"truth",1,3,0.2,0.8,0.8,0.25,0.2,0.75
"bias",0.0318333697574114,-0.0284842407109611,0.199996299145729,-0.199996299145729,-0.0164450460478065,0.0290637298603133,0.0164450460478064,-0.0290637298603134
"variance",0.158082825582778,0.195682448571547,0.266661732307438,0.266661732307438,0.0239726407662421,0.0573009836107625,0.0239726407662421,0.0573009836107625
"MSE",0.159096189012891,0.196493800540427,0.306660251979426,0.306660251979426,0.0242430803057566,0.0581456840041557,0.0242430803057566,0.0581456840041557
