"","lambda1","lambda2","init1","init2","transP11","transP21","transP12","transP22"
"truth",1,3,0.2,0.8,0.8,0.25,0.2,0.75
"bias",-0.0445575041297419,0.152769315306135,0.137078465313102,-0.137078465313102,-0.0301963317014985,0.035760737804047,0.0301963317014985,-0.0357607378040471
"variance",0.141019286758162,0.555732520524404,0.222131673478913,0.222131673478913,0.0329517921348893,0.0423940289097492,0.0329517921348893,0.0423940289097492
"MSE",0.143004657932434,0.579070984223509,0.240922179131508,0.240922179131508,0.0338636105831162,0.043672859278039,0.0338636105831162,0.043672859278039
